"","UNICODE","codeLoc","LATITUDE","LONGITUDE","probability","time"
"1","29.29.104.1","29.29.104",-15.50430565,-72.38141028,0.900249000871554,8
"2","29.29.104.34","29.29.104",-15.50437399,-72.38139894,0.921843709191307,9
"3","29.29.104.33","29.29.104",-15.50445018,-72.38138258,0.688716059783474,2
"4","29.29.104.3","29.29.104",-15.50425898,-72.38110162,0.639005604200065,8
"5","29.29.104.4","29.29.104",-15.50422941,-72.38105223,0.0681032952852547,10
"6","29.29.104.32A","29.29.104",-15.50450705,-72.38134596,0.721203608438373,10
"7","29.29.104.5","29.29.104",-15.50424109,-72.38098052,0.206829550908878,4
"8","29.29.104.32","29.29.104",-15.5045283,-72.38130471,0.226212779525667,7
"9","29.29.104.6","29.29.104",-15.50424267,-72.38089427,0.336625549476594,7
"10","29.29.104.7","29.29.104",-15.50424008,-72.38082018,0.16972542530857,8
"11","29.29.104.29","29.29.104",-15.50447037,-72.38103414,0.316083455225453,10
"12","29.29.104.8","29.29.104",-15.50422249,-72.38072967,0.780345217557624,3
"13","29.29.104.28","29.29.104",-15.50444033,-72.38095389,0.790200989460573,1
"14","29.29.104.9","29.29.104",-15.50422673,-72.38065384,0.818553022108972,5
"15","29.29.104.27","29.29.104",-15.50443629,-72.38087954,0.454242282314226,3
"16","29.29.104.10","29.29.104",-15.50419989,-72.38056836,0.851041923044249,10
"17","29.29.104.26","29.29.104",-15.5044418,-72.38078858,0.398831557715312,2
"18","29.29.104.11","29.29.104",-15.50419459,-72.38048429,0.773043379886076,3
"19","29.29.104.25","29.29.104",-15.50444049,-72.38071526,0.569756214041263,3
"20","29.29.104.12","29.29.104",-15.50417333,-72.38040902,0.880660999799147,6
"21","29.29.104.24","29.29.104",-15.50445214,-72.38063883,0.888629709370434,8
"22","29.29.104.35","29.29.104",-15.50479577,-72.38136868,0.073314462788403,4
"23","29.29.104.13","29.29.104",-15.50418316,-72.38031553,0.629829505691305,9
"24","29.29.104.147","29.29.104",-15.50693243,-72.38104656,0.190931665478274,9
"25","29.29.104.14","29.29.104",-15.50417003,-72.38023243,0.46146029070951,3
"26","29.29.104.15","29.29.104",-15.50417439,-72.38015272,0.500116415554658,5
"27","29.29.104.143","29.29.104",-15.5070378,-72.38068237,0.217747445218265,9
"28","29.29.104.16","29.29.104",-15.50416276,-72.38006253,0.896577973850071,7
"29","29.29.104.20","29.29.104",-15.50437285,-72.38029781,0.769929343368858,7
"30","29.29.104.66","29.29.104",-15.50504364,-72.38134201,0.12936986098066,8
"31","29.29.104.39","29.29.104",-15.50479843,-72.38107574,0.701477293390781,6
"32","29.29.104.19","29.29.104",-15.50435135,-72.38022095,0.765276283025742,2
"33","29.29.104.65","29.29.104",-15.50502177,-72.3812449,0.608858728548512,9
"34","29.29.104.18","29.29.104",-15.50432993,-72.38013485,0.376820765901357,3
"35","29.29.104.40","29.29.104",-15.50478362,-72.38098235,0.891363310627639,8
"36","29.29.104.141A","29.29.104",-15.50675243,-72.38069633,0.944376420928165,7
"37","29.29.104.41","29.29.104",-15.50477043,-72.38089926,0.102781460154802,7
"38","29.29.104.155","29.29.104",-15.50781823,-72.37951375,0.390760265523568,4
"39","29.29.104.141","29.29.104",-15.50671456,-72.38071509,0.108129432424903,4
"40","29.29.104.64","29.29.104",-15.50502476,-72.3811413,0.998756275745109,8
"41","29.29.104.184","29.29.104",-15.50781473,-72.37941297,0.352170280879363,9
"42","29.29.104.17","29.29.104",-15.50437435,-72.38004422,0.80259628337808,9
"43","29.29.104.42","29.29.104",-15.50476747,-72.38080516,0.401500672101974,6
"44","29.29.104.135","29.29.104",-15.5064537,-72.38107798,0.421949083218351,2
"45","29.29.104.63","29.29.104",-15.5050289,-72.38105786,0.149336306611076,3
"46","29.29.104.88","29.29.104",-15.50535459,-72.38130197,0.897199004888535,4
"47","29.29.104.183","29.29.104",-15.50776594,-72.37931466,0.0999118401668966,5
"48","29.29.104.68","29.29.104",-15.50521475,-72.38122236,0.632542176870629,7
"49","29.29.104.87","29.29.104",-15.50547987,-72.38130382,0.429042522562668,5
"50","29.29.104.138","29.29.104",-15.50614197,-72.38117049,0.459338339744136,6
"51","29.29.104.43","29.29.104",-15.50476803,-72.38071797,0.653118752641603,10
"52","29.29.104.181","29.29.104",-15.507753,-72.37917832,0.647784383036196,3
"53","29.29.104.139","29.29.104",-15.50605183,-72.38118261,0.0787663746159524,4
"54","29.29.104.86A","29.29.104",-15.50544796,-72.38126105,0.316206621238962,3
"55","29.29.104.133","29.29.104",-15.50653208,-72.38091266,0.302550528664142,10
"56","29.29.104.69","29.29.104",-15.50519609,-72.38114923,0.549269288778305,9
"57","29.29.104.44","29.29.104",-15.50474566,-72.38062509,0.816422398202121,8
"58","29.29.104.159","29.29.104",-15.50754381,-72.37952755,0.395167454378679,9
"59","29.29.104.86","29.29.104",-15.50546719,-72.38120698,0.146223322488368,10
"60","29.29.104.61","29.29.104",-15.50499762,-72.38086659,0.732660105917603,5
"61","29.29.104.70","29.29.104",-15.50518606,-72.38107584,0.110849111108109,10
"62","29.29.104.176","29.29.104",-15.50772631,-72.378783,0.0187350702472031,5
"63","29.29.104.45","29.29.104",-15.50472181,-72.38051653,0.834589848527685,7
"64","29.29.104.160","29.29.104",-15.50744525,-72.379551,0.269639472011477,4
"65","29.29.104.85","29.29.104",-15.50544776,-72.38110164,0.616370441857725,6
"66","29.29.104.46","29.29.104",-15.50472002,-72.38041615,0.284715326270089,5
"67","29.29.104.59","29.29.104",-15.50495933,-72.38067754,0.279896923806518,10
"68","29.29.104.161","29.29.104",-15.50735537,-72.37954941,0.00500822113826871,5
"69","29.29.104.71","29.29.104",-15.50520056,-72.38094225,0.973582992097363,8
"70","29.29.104.130","29.29.104",-15.50632944,-72.38077634,0.176406755112112,3
"71","29.29.104.174","29.29.104",-15.50762778,-72.37860488,0.809236507164314,1
"72","29.29.104.84","29.29.104",-15.50544569,-72.38101893,0.261505642207339,4
"73","29.29.104.47","29.29.104",-15.5047099,-72.38033223,0.750291346339509,1
"74","29.29.104.129","29.29.104",-15.50621522,-72.3808027,0.262996493140236,6
"75","29.29.104.332","29.29.104",-15.50414948,-72.37984727,0.968910519964993,4
"76","29.29.104.162","29.29.104",-15.50736477,-72.37942587,0.982521266909316,8
"77","29.29.104.128","29.29.104",-15.50611683,-72.3808263,0.181079304544255,7
"78","29.29.104.58","29.29.104",-15.50497238,-72.38057759,0.395771953510121,6
"79","29.29.104.173","29.29.104",-15.50754091,-72.37861268,0.586283499607816,9
"80","29.29.104.83","29.29.104",-15.50542992,-72.380943,0.0484058049041778,6
"81","29.29.104.163","29.29.104",-15.50733695,-72.37930447,0.251915600150824,3
"82","29.29.104.48","29.29.104",-15.5047023,-72.38021667,0.88938652863726,7
"83","29.29.104.331","29.29.104",-15.50423535,-72.37985572,0.843273597769439,5
"84","29.29.104.73","29.29.104",-15.50515624,-72.38076646,0.388954807538539,1
"85","29.29.104.334","29.29.104",-15.50411974,-72.37959112,0.918410780373961,4
"86","29.29.104.82","29.29.104",-15.50545415,-72.38083979,0.281367702409625,7
"87","29.29.104.74","29.29.104",-15.50514621,-72.38069029,0.563344310270622,10
"88","29.29.104.49","29.29.104",-15.50469587,-72.38011027,0.963872132590041,6
"89","29.29.104.91","29.29.104",-15.50582621,-72.38108109,0.689405326731503,6
"90","29.29.104.330","29.29.104",-15.50431002,-72.37986266,0.827906244201586,10
"91","29.29.104.166","29.29.104",-15.50731655,-72.37904087,0.275458975927904,6
"92","29.29.104.56","29.29.104",-15.50498113,-72.38041283,0.554920756723732,3
"93","29.29.104.171","29.29.104",-15.50736403,-72.37862942,0.892865547444671,3
"94","29.29.104.2","29.29.104",-15.50426814,-72.38123235,0.228026913711801,2
"95","29.29.104.337","29.29.104",-15.50410091,-72.37934752,0.897182494401932,8
"96","29.29.104.81","29.29.104",-15.50545496,-72.38075342,0.866833957377821,2
"97","29.29.104.168","29.29.104",-15.50730054,-72.37882882,0.822486381279305,4
"98","29.29.104.55","29.29.104",-15.50495577,-72.38030801,0.382606639526784,4
"99","29.29.104.92","29.29.104",-15.50580732,-72.3809905,0.779188031796366,6
"100","29.29.104.329","29.29.104",-15.50438037,-72.37984415,0.1478406121023,6
"101","29.29.104.54","29.29.104",-15.50492731,-72.38023877,0.0582556112203747,3
"102","29.29.104.169","29.29.104",-15.50727369,-72.37874796,0.120744043495506,5
"103","29.29.104.115","29.29.104",-15.50651229,-72.38057199,0.890797586645931,10
"104","29.29.104.338","29.29.104",-15.50410936,-72.37926296,0.165647551417351,4
"105","29.29.104.92A","29.29.104",-15.50574205,-72.38095521,0.395862507633865,5
"106","29.29.104.80","29.29.104",-15.50541494,-72.38065953,0.84375117579475,2
"107","29.29.104.339","29.29.104",-15.50410221,-72.37918116,0.666513768723235,10
"108","29.29.104.340","29.29.104",-15.5040787,-72.37911207,0.041430430021137,3
"109","29.29.104.328","29.29.104",-15.50434143,-72.37966717,0.69342497899197,5
"110","29.29.104.76","29.29.104",-15.5051539,-72.38048682,0.90038874046877,10
"111","29.29.104.341","29.29.104",-15.50406912,-72.37902397,0.00623206607997417,3
"112","29.29.104.342","29.29.104",-15.50406507,-72.37893407,0.584317121421918,8
"113","29.29.104.53","29.29.104",-15.50493923,-72.38013858,0.0377571547869593,4
"114","29.29.104.343","29.29.104",-15.50404299,-72.37884339,0.945610041264445,4
"115","29.29.104.116","29.29.104",-15.50639583,-72.38055332,0.040816641645506,4
"116","29.29.104.117","29.29.104",-15.50633241,-72.38060095,0.326372119830921,1
"117","29.29.104.79","29.29.104",-15.50541517,-72.38057847,0.878753895871341,3
"118","29.29.104.114","29.29.104",-15.50649566,-72.38042402,0.772084668278694,9
"119","29.29.104.344","29.29.104",-15.50405294,-72.3787642,0.570367326261476,2
"120","29.29.104.326","29.29.104",-15.50431882,-72.37948471,0.350203427486122,9
"121","29.29.104.52","29.29.104",-15.50492098,-72.38005609,0.445080938516185,9
"122","29.29.104.78","29.29.104",-15.50538717,-72.38047231,0.153870757203549,3
"123","29.29.104.31","29.29.104",-15.50447437,-72.38120796,0.286787200020626,4
"124","29.29.104.118","29.29.104",-15.5062177,-72.38057729,0.401553452480584,6
"125","29.29.104.324","29.29.104",-15.50429725,-72.37932813,0.372248904546723,10
"126","29.29.104.325","29.29.104",-15.50433453,-72.37939933,0.520904586650431,1
"127","29.29.104.118A","29.29.104",-15.50613983,-72.38058839,0.62046542041935,3
"128","29.29.104.95","29.29.104",-15.50579772,-72.38071112,0.0881413486786187,4
"129","29.29.104.152","29.29.104",-15.50781417,-72.38062612,0.82785112131387,6
"130","29.29.104.323","29.29.104",-15.50428826,-72.37925197,0.13457092596218,4
"131","29.29.104.77","29.29.104",-15.50537372,-72.38039992,0.856294519035146,8
"132","29.29.104.120","29.29.104",-15.50600688,-72.38064545,0.144368071341887,3
"133","29.29.104.112","29.29.104",-15.50649116,-72.38020143,0.117460079025477,10
"134","29.29.104.30","29.29.104",-15.50448001,-72.38112447,0.0754374046809971,8
"135","29.29.104.322","29.29.104",-15.504301,-72.37917074,0.504759095143527,3
"136","29.29.104.321","29.29.104",-15.50427669,-72.3790792,0.194599792128429,2
"137","29.29.104.96","29.29.104",-15.50577799,-72.38061174,0.645557892043144,9
"138","29.29.104.320","29.29.104",-15.50426717,-72.37898072,0.331984196091071,6
"139","29.29.104.121","29.29.104",-15.50598053,-72.38055944,0.0369752421975136,2
"140","29.29.104.111","29.29.104",-15.50647808,-72.38011311,0.469525329535827,5
"141","29.29.104.319","29.29.104",-15.50426692,-72.37889668,0.497545716818422,1
"142","29.29.104.199","29.29.104",-15.507001,-72.37957135,0.220758263487369,4
"143","29.29.104.318","29.29.104",-15.50427117,-72.3788235,0.295339146861807,7
"144","29.29.104.121A","29.29.104",-15.50596051,-72.38049904,0.665520078036934,2
"145","29.29.104.97","29.29.104",-15.50574543,-72.38052415,0.590269853593782,1
"146","29.29.104.317","29.29.104",-15.50427526,-72.37873347,0.433555358555168,1
"147","29.29.104.110","29.29.104",-15.50644543,-72.38003011,0.393698392435908,5
"148","29.29.104.122","29.29.104",-15.50596222,-72.38044733,0.276777473045513,2
"149","29.29.104.197","29.29.104",-15.5069911,-72.3793846,0.0475607786793262,3
"150","29.29.104.109","29.29.104",-15.50643472,-72.37993913,0.0520185469649732,7
"151","29.29.104.200","29.29.104",-15.50685872,-72.37958739,0.742481930879876,2
"152","29.29.104.154","29.29.104",-15.50783099,-72.38011634,0.659110348904505,8
"153","29.29.104.99","29.29.104",-15.50576935,-72.38036266,0.377139098709449,6
"154","29.29.104.123A","29.29.104",-15.50597541,-72.38029653,0.953454729169607,3
"155","29.29.104.196","29.29.104",-15.5069638,-72.37927954,0.706442106049508,10
"156","29.29.104.153","29.29.104",-15.50757638,-72.38037633,0.342200262937695,7
"157","29.29.104.108","29.29.104",-15.50640401,-72.37983921,0.0567612014710903,5
"158","29.29.104.124","29.29.104",-15.50603668,-72.38017131,0.566286623012275,1
"159","29.29.104.195","29.29.104",-15.50694769,-72.3791923,0.452881890581921,6
"160","29.29.104.100A","29.29.104",-15.50564971,-72.38021264,0.476388503331691,1
"161","29.29.104.303","29.29.104",-15.50466541,-72.37980229,0.434170096414164,2
"162","29.29.104.101","29.29.104",-15.50572834,-72.38015576,0.348381416406482,2
"163","29.29.104.201","29.29.104",-15.50664588,-72.37960985,0.237656951649114,3
"164","29.29.104.125","29.29.104",-15.50594243,-72.38009771,0.113991242367774,4
"165","29.29.104.107","29.29.104",-15.50619991,-72.37986935,0.267362259794027,2
"166","29.29.104.126","29.29.104",-15.50596484,-72.38000219,0.0365579943172634,8
"167","29.29.104.202","29.29.104",-15.50665474,-72.37949697,0.518939882516861,3
"168","29.29.104.102","29.29.104",-15.50572787,-72.38006173,0.632429092656821,8
"169","29.29.104.304","29.29.104",-15.50464607,-72.37964643,0.81122323917225,2
"170","29.29.104.146","29.29.104",-15.50713831,-72.38102788,0.0715337325818837,2
"171","29.29.104.102A","29.29.104",-15.50567036,-72.38001417,0.169957095989957,2
"172","29.29.104.187","29.29.104",-15.50689822,-72.37844143,0.801014514174312,8
"173","29.29.104.105","29.29.104",-15.50597698,-72.37990813,0.528391439234838,9
"174","29.29.104.203","29.29.104",-15.50661433,-72.37940886,0.298159321304411,3
"175","29.29.104.103","29.29.104",-15.50568775,-72.37994726,0.30467716162093,8
"176","29.29.104.145","29.29.104",-15.50713063,-72.380951,0.369873486459255,1
"177","29.29.104.104","29.29.104",-15.50558633,-72.37994047,0.459996663965285,3
"178","29.29.104.305","29.29.104",-15.50467258,-72.37955199,0.835430221864954,9
"179","29.29.104.306","29.29.104",-15.50463656,-72.37947153,0.505606198916212,4
"180","29.29.104.307","29.29.104",-15.50461121,-72.37938206,0.0883839803282171,10
"181","29.29.104.204","29.29.104",-15.50660499,-72.37930855,0.588526033563539,2
"182","29.29.104.308","29.29.104",-15.50462002,-72.37929986,0.269914566539228,3
"183","29.29.104.205","29.29.104",-15.50659089,-72.37923458,0.595426593441516,9
"184","29.29.104.36","29.29.104",-15.50477967,-72.38127433,0.986906916368753,9
"185","29.29.104.144","29.29.104",-15.50711163,-72.38083754,0.0708661482203752,9
"186","29.29.104.23","29.29.104",-15.50444746,-72.38055304,0.0661711455322802,7
"187","29.29.104.309","29.29.104",-15.50461879,-72.37923093,0.413537059677765,6
"188","29.29.104.206","29.29.104",-15.5066029,-72.37914731,0.281981070293114,9
"189","29.29.104.312","29.29.104",-15.5045837,-72.37896963,0.323755760211498,4
"190","29.29.104.314","29.29.104",-15.50456772,-72.37887476,0.642584048211575,9
"191","29.29.104.313","29.29.104",-15.50458235,-72.37891078,0.379081692546606,1
"192","29.29.104.148","29.29.104",-15.50676968,-72.38109249,0.851731623522937,10
"193","29.29.104.226","29.29.104",-15.50644223,-72.37966564,0.914815883152187,9
"194","29.29.104.22","29.29.104",-15.50442817,-72.38046237,0.300584775395691,1
"195","29.29.104.209","29.29.104",-15.50657661,-72.3788532,0.891255038790405,9
"196","29.29.104.210","29.29.104",-15.50656794,-72.37879247,0.361137175466865,8
"197","29.29.104.213","29.29.104",-15.50658016,-72.37855437,0.941813739016652,3
"198","29.29.104.297","29.29.104",-15.50483258,-72.37943411,0.256434528389946,5
"199","29.29.104.37","29.29.104",-15.50479649,-72.38117247,0.810691368067637,1
"200","29.29.104.211","29.29.104",-15.50655092,-72.37872697,0.0600808134768158,1
"201","29.29.104.21","29.29.104",-15.50441176,-72.38038748,0.324108350556344,10
"202","29.29.104.226A","29.29.104",-15.50632914,-72.37962441,0.263281416613609,9
"203","29.29.104.38","29.29.104",-15.50478733,-72.38111411,0.0778388786129653,1
"204","29.29.104.294","29.29.104",-15.50480128,-72.37919053,0.434143774677068,3
"205","29.29.104.149","29.29.104",-15.50673769,-72.38098545,0.29030086658895,9
"206","29.29.104.293","29.29.104",-15.50481037,-72.37910823,0.221236858982593,7
"207","29.29.104.288","29.29.104",-15.50474394,-72.37870014,0.656499100616202,3
"208","29.29.104.291","29.29.104",-15.50478365,-72.37894579,0.842590973945335,10
"209","29.29.104.272","29.29.104",-15.50509826,-72.37977922,0.751090017380193,1
"210","29.29.104.142","29.29.104",-15.50695684,-72.3806837,0.216046835994348,8
"211","29.29.104.290A","29.29.104",-15.50478919,-72.37891077,0.486995928920805,10
"212","29.29.104.150","29.29.104",-15.50672219,-72.38092295,0.271890997420996,5
"213","29.29.104.290","29.29.104",-15.5048047,-72.37886873,0.766339291352779,3
"214","29.29.104.223","29.29.104",-15.50638302,-72.3793674,0.89738158765249,3
"215","29.29.104.222","29.29.104",-15.50641495,-72.37927678,0.910935112740844,5
"216","29.29.104.271A","29.29.104",-15.50529655,-72.3797661,0.26370173227042,8
"217","29.29.104.221","29.29.104",-15.50637683,-72.37915804,0.381056980928406,1
"218","29.29.104.230","29.29.104",-15.50605566,-72.37950526,0.7982721272856,6
"219","29.29.104.271","29.29.104",-15.50538588,-72.37974662,0.0495825870893896,2
"220","29.29.104.218","29.29.104",-15.50638857,-72.37890929,0.84948302176781,3
"221","29.29.104.231","29.29.104",-15.50604883,-72.37940497,0.116875208215788,6
"222","29.29.104.217","29.29.104",-15.50635926,-72.37883424,0.938807200407609,10
"223","29.29.104.277","29.29.104",-15.50505742,-72.3794093,0.975922430632636,5
"224","29.29.104.134","29.29.104",-15.50654305,-72.38110457,0.933491476112977,6
"225","29.29.104.269","29.29.104",-15.50535198,-72.37959012,0.146341122454032,1
"226","29.29.104.278","29.29.104",-15.50505456,-72.37932263,0.881469720043242,10
"227","29.29.104.232","29.29.104",-15.50601926,-72.37930649,0.653102142969146,2
"228","29.29.104.215","29.29.104",-15.50629683,-72.37864352,0.13499802374281,4
"229","29.29.104.214","29.29.104",-15.50628842,-72.37856634,0.724862979259342,10
"230","29.29.104.279","29.29.104",-15.50505071,-72.37927358,0.544675127835944,10
"231","29.29.104.280","29.29.104",-15.505042,-72.37919262,0.730671270750463,2
"232","29.29.104.156","29.29.104",-15.50774037,-72.37949229,0.925747419707477,5
"233","29.29.104.281","29.29.104",-15.50503631,-72.3791204,0.272261934587732,7
"234","29.29.104.234","29.29.104",-15.5060259,-72.37912421,0.515883140498772,4
"235","29.29.104.283","29.29.104",-15.50499621,-72.37897583,0.0803826353512704,10
"236","29.29.104.286","29.29.104",-15.50497722,-72.37875028,0.0742427590303123,6
"237","29.29.104.287","29.29.104",-15.50498705,-72.37867545,0.129112588008866,4
"238","29.29.104.284","29.29.104",-15.50499162,-72.37887502,0.292503419099376,9
"239","29.29.104.267","29.29.104",-15.50534656,-72.37943898,0.157271601026878,7
"240","29.29.104.285","29.29.104",-15.50500154,-72.37881355,0.499781164573506,9
"241","29.29.104.243","29.29.104",-15.50554328,-72.37956704,0.464498381828889,9
"242","29.29.104.266","29.29.104",-15.50533291,-72.37936776,0.969150779768825,2
"243","29.29.104.244","29.29.104",-15.50553192,-72.37950367,0.385866184718907,6
"244","29.29.104.137","29.29.104",-15.50622632,-72.38115842,0.732043507974595,2
"245","29.29.104.136","29.29.104",-15.50635869,-72.3810866,0.438759044511244,1
"246","29.29.104.265","29.29.104",-15.50530734,-72.37929531,0.702024720376357,1
"247","29.29.104.238","29.29.104",-15.50599362,-72.37877497,0.260471874615178,1
"248","29.29.104.240","29.29.104",-15.50597329,-72.37856135,0.597380546852946,10
"249","29.29.104.245","29.29.104",-15.50552624,-72.37943704,0.0827837602701038,7
"250","29.29.104.182","29.29.104",-15.50775444,-72.37926032,0.627453682944179,2
"251","29.29.104.264","29.29.104",-15.50532859,-72.37922288,0.569002348463982,6
"252","29.29.104.62","29.29.104",-15.5050156,-72.38097586,0.0154701778665185,7
"253","29.29.104.157","29.29.104",-15.50763368,-72.37950755,0.0665908877272159,9
"254","29.29.104.263","29.29.104",-15.5053151,-72.37914604,0.203605548944324,3
"255","29.29.104.246","29.29.104",-15.50552184,-72.37935829,0.482938170433044,6
"256","29.29.104.262","29.29.104",-15.50530463,-72.37907952,0.429708875948563,9
"257","29.29.104.257","29.29.104",-15.50524848,-72.37865226,0.669643989764154,9
"258","29.29.104.260","29.29.104",-15.50525146,-72.37893181,0.459701375337318,8
"259","29.29.104.259","29.29.104",-15.50525682,-72.37885999,0.831399490358308,2
"260","29.29.104.261","29.29.104",-15.50529223,-72.37899978,0.760954300872982,1
"261","29.29.104.151","29.29.104",-15.50686868,-72.38047869,0.777800158597529,6
"262","29.29.104.258","29.29.104",-15.5052807,-72.37877167,0.697427026694641,8
"263","29.29.104.158","29.29.104",-15.50759481,-72.37952276,0.53393251565285,1
"264","29.29.104.248","29.29.104",-15.50548829,-72.37920113,0.660960740875453,4
"265","29.29.104.250","29.29.104",-15.50548302,-72.37906155,0.0366756389848888,10
"266","29.29.104.255","29.29.104",-15.50544799,-72.37868321,0.0753783106338233,3
"267","29.29.104.254","29.29.104",-15.50545856,-72.37876906,0.295163285452873,3
"268","29.29.104.252","29.29.104",-15.50546348,-72.37891545,0.0684640745166689,2
"269","29.29.104.253","29.29.104",-15.50545957,-72.3788455,0.730429174145684,7
"270","29.29.104.177","29.29.104",-15.50775812,-72.37885806,0.580283420160413,9
"271","29.29.104.180","29.29.104",-15.50770104,-72.37909084,0.865322615485638,3
"272","29.29.104.179","29.29.104",-15.50765739,-72.3790143,0.290102921891958,2
"273","29.29.104.132","29.29.104",-15.50649569,-72.38075753,0.395267489133403,4
"274","29.29.104.140","29.29.104",-15.50603151,-72.38100965,0.680350274778903,9
"275","29.29.104.131","29.29.104",-15.50641989,-72.38077168,0.317810451146215,10
"276","29.29.104.185","29.29.104",-15.50768795,-72.37839038,0.453926082933322,9
"277","29.29.104.89","29.29.104",-15.5057791,-72.38126627,0.0025865794159472,4
"278","29.29.104.127","29.29.104",-15.50601667,-72.38082327,0.355367164127529,8
"279","29.29.104.333","29.29.104",-15.50411881,-72.37967768,0.141817557159811,3
"280","29.29.104.164","29.29.104",-15.50733956,-72.37921277,0.877588430652395,10
"281","29.29.104.172","29.29.104",-15.50745341,-72.37861504,0.901403279509395,5
"282","29.29.104.335","29.29.104",-15.50409125,-72.37951814,0.142103055724874,6
"283","29.29.104.186","29.29.104",-15.50746499,-72.37840135,0.496749164536595,5
"284","29.29.104.165","29.29.104",-15.50732065,-72.37912982,0.232257031602785,8
"285","29.29.104.336","29.29.104",-15.50408213,-72.37943045,0.961221697507426,6
"286","29.29.104.167","29.29.104",-15.50730227,-72.37890289,0.557139214361086,2
"287","29.29.104.50","29.29.104",-15.50470101,-72.38000137,0.607450353447348,5
"288","29.29.104.75","29.29.104",-15.50517052,-72.38059494,0.579812596552074,6
"289","29.29.104.170","29.29.104",-15.50727032,-72.37863682,0.468301228480414,9
"290","29.29.104.327","29.29.104",-15.50433144,-72.37958814,0.0749622692819685,4
"291","29.29.104.94","29.29.104",-15.50579986,-72.38079783,0.423492395086214,1
"292","29.29.104.113","29.29.104",-15.50649025,-72.38031482,0.173545902362093,4
"293","29.29.104.119","29.29.104",-15.50610816,-72.38060862,0.133187129395083,2
"294","29.29.104.123","29.29.104",-15.50597528,-72.38037084,0.701289862627164,2
"295","29.29.104.106","29.29.104",-15.50609195,-72.37988561,0.0170948007144034,1
"296","29.29.104.191","29.29.104",-15.50690842,-72.37882808,0.971141860587522,2
"297","29.29.104.302","29.29.104",-15.50475679,-72.3797864,0.978984457207844,6
"298","29.29.104.189","29.29.104",-15.5069079,-72.37867103,0.82096737367101,10
"299","29.29.104.301","29.29.104",-15.50481206,-72.3798063,0.866483031539246,6
"300","29.29.104.207","29.29.104",-15.50658902,-72.37905732,0.015889294911176,10
"301","29.29.104.310","29.29.104",-15.50462486,-72.37912901,0.00743847480043769,10
"302","29.29.104.311","29.29.104",-15.5045982,-72.37904256,0.00227630534209311,6
"303","29.29.104.299","29.29.104",-15.50487659,-72.37961775,0.860345573397353,7
"304","29.29.104.298","29.29.104",-15.50483857,-72.37953992,0.268918989226222,7
"305","29.29.104.315","29.29.104",-15.50457615,-72.37879887,0.432686681859195,2
"306","29.29.104.208","29.29.104",-15.50658381,-72.37895221,0.633362656459212,9
"307","29.29.104.212","29.29.104",-15.5066164,-72.37864714,0.0366770415566862,3
"308","29.29.104.316","29.29.104",-15.50458372,-72.37871064,0.189055310096592,6
"309","29.29.104.296","29.29.104",-15.50482861,-72.37936807,0.761027985950932,10
"310","29.29.104.295","29.29.104",-15.50480023,-72.37926378,0.735886171460152,9
"311","29.29.104.227","29.29.104",-15.50622844,-72.37965911,0.453412119997665,4
"312","29.29.104.224","29.29.104",-15.50639032,-72.37945812,0.288129394641146,9
"313","29.29.104.289","29.29.104",-15.50477224,-72.37878006,0.57399768079631,5
"314","29.29.104.292","29.29.104",-15.50481846,-72.3790276,0.725524261128157,2
"315","29.29.104.228","29.29.104",-15.50608758,-72.37966346,0.948025709483773,3
"316","29.29.104.273","29.29.104",-15.50507408,-72.37971149,0.227633133064955,1
"317","29.29.104.229","29.29.104",-15.50607585,-72.37958194,0.649798343190923,6
"318","29.29.104.274","29.29.104",-15.50507999,-72.37963292,0.908941987901926,3
"319","29.29.104.275","29.29.104",-15.50506634,-72.37956169,0.104345485568047,6
"320","29.29.104.276","29.29.104",-15.50508424,-72.37949076,0.941051468485966,3
"321","29.29.104.270","29.29.104",-15.50536387,-72.37965723,0.766061511123553,6
"322","29.29.104.241","29.29.104",-15.50555214,-72.37972924,0.461873473133892,7
"323","29.29.104.268","29.29.104",-15.50534519,-72.37952427,0.285452254116535,10
"324","29.29.104.242","29.29.104",-15.50555394,-72.37965091,0.0550881258677691,8
"325","29.29.104.282","29.29.104",-15.50501591,-72.37904158,0.395403400529176,3
"326","29.29.104.235","29.29.104",-15.50603803,-72.37902595,0.0142869895789772,9
"327","29.29.104.236","29.29.104",-15.50600563,-72.37892429,0.868554725777358,5
"328","29.29.104.237","29.29.104",-15.50599661,-72.37885189,0.664864914258942,2
"329","29.29.104.239","29.29.104",-15.50599893,-72.37866785,0.404063079738989,1
"330","29.29.104.247","29.29.104",-15.5055151,-72.37927803,0.695467088604346,9
"331","29.29.104.249","29.29.104",-15.50549498,-72.37913526,0.804125676164404,8
"332","29.29.104.256","29.29.104",-15.50543175,-72.37860661,0.00135871302336454,4
"333","29.29.104.251","29.29.104",-15.50547515,-72.37897871,0.915325287496671,3
"334","29.29.104.175","29.29.104",-15.50771622,-72.37859267,0.832739032106474,10
"335","29.29.104.192","29.29.104",-15.50691971,-72.37891254,0.117365082493052,9
"336","29.29.104.193","29.29.104",-15.50693945,-72.37901566,0.176764454459772,3
"337","29.29.104.225","29.29.104",-15.50640961,-72.37954542,0.579564863350242,3
"338","29.29.104.233","29.29.104",-15.50602102,-72.37923065,0.824804054573178,1
"339","29.29.104.300","29.29.104",-15.50490066,-72.37981771,0.145290351472795,8
"340","29.29.104.60","29.29.104",-15.50498574,-72.38076412,0.241849556099623,3
"341","29.29.104.90","29.29.104",-15.50578295,-72.38117443,0.738210114650428,5
"342","29.29.104.93","29.29.104",-15.505823,-72.3808847,0.352683510864154,4
"343","29.29.104.57","29.29.104",-15.50495314,-72.38050567,0.0206807365175337,2
"344","29.29.104.51","29.29.104",-15.50490057,-72.37997826,0.586101008579135,8
"345","29.29.104.67","29.29.104",-15.50522644,-72.38131097,0.46313991653733,4
"346","29.29.104.72","29.29.104",-15.50518707,-72.38085132,0.54909396218136,1
"347","29.29.104.98","29.29.104",-15.50576545,-72.38044825,0.00717363017611206,10
"348","29.29.104.100","29.29.104",-15.50566905,-72.38024648,0.0286810407415032,7
"349","29.29.104.188","29.29.104",-15.50689528,-72.37856565,0.226222972152755,3
"350","29.29.104.190","29.29.104",-15.5069198,-72.37876264,0.574239043751732,5
"351","29.29.104.194","29.29.104",-15.50695002,-72.37909544,0.141438755672425,7
"352","29.29.104.216","29.29.104",-15.50631577,-72.37874941,0.978910932317376,7
"353","29.29.104.219","29.29.104",-15.50638859,-72.37900553,0.0713080533314496,5
"354","29.29.104.178","29.29.104",-15.50766236,-72.37893875,0.806075863307342,7
"355","29.29.104.220","29.29.104",-15.50637206,-72.37908653,0.448754863813519,2
"356","29.29.104.198","29.29.104",-15.50700683,-72.37948337,0.684433504240587,6
"357","29.29.105.1","29.29.105",-15.50825529,-72.38081776,0.56911634048447,2
"358","29.29.105.8","29.29.105",-15.50823182,-72.38020318,0.946229993831366,6
"359","29.29.105.11","29.29.105",-15.50821464,-72.37998377,0.406178245088086,3
"360","29.29.105.34","29.29.105",-15.50875173,-72.38059898,0.0537853911519051,2
"361","29.29.105.12","29.29.105",-15.50819794,-72.37991334,0.876349398167804,1
"362","29.29.105.22","29.29.105",-15.50842017,-72.37995722,0.115862955106422,7
"363","29.29.105.14","29.29.105",-15.50818092,-72.37975812,0.491729648085311,6
"364","29.29.105.15","29.29.105",-15.50818206,-72.3796603,0.926744697382674,10
"365","29.29.105.19","29.29.105",-15.50844152,-72.37961093,0.997138500446454,8
"366","29.29.105.56","29.29.105",-15.50894673,-72.3802063,0.745516935596243,2
"367","29.29.105.33","29.29.105",-15.50837262,-72.38078412,0.76054542302154,3
"368","29.29.105.2","29.29.105",-15.50824688,-72.38065367,0.603923466987908,6
"369","29.29.105.3","29.29.105",-15.50823817,-72.38057914,0.389207984320819,5
"370","29.29.105.4","29.29.105",-15.50823456,-72.3805005,0.958007524954155,10
"371","29.29.105.31","29.29.105",-15.50855354,-72.38070375,0.238978795241565,7
"372","29.29.105.5","29.29.105",-15.50824094,-72.38040825,0.167771599721164,10
"373","29.29.105.6","29.29.105",-15.50823553,-72.38033533,0.790845620911568,6
"374","29.29.105.29","29.29.105",-15.50849555,-72.38046776,0.393783731618896,8
"375","29.29.105.7","29.29.105",-15.50822372,-72.38027951,0.760254831751809,9
"376","29.29.105.28","29.29.105",-15.50850378,-72.38039931,0.852515548467636,6
"377","29.29.105.27","29.29.105",-15.50850525,-72.38031344,0.403884354280308,9
"378","29.29.105.9","29.29.105",-15.50822497,-72.38013213,0.320045130327344,9
"379","29.29.105.26","29.29.105",-15.50848836,-72.38025215,0.800928300945088,1
"380","29.29.105.10","29.29.105",-15.50820653,-72.38005089,0.199977002572268,5
"381","29.29.105.25","29.29.105",-15.50845481,-72.38017879,0.479602756211534,5
"382","29.29.105.24","29.29.105",-15.50839316,-72.38011782,0.657936080824584,6
"383","29.29.105.23","29.29.105",-15.50841467,-72.38004686,0.790000684326515,2
"384","29.29.105.62","29.29.105",-15.50882777,-72.38057553,0.220848655560985,3
"385","29.29.105.35","29.29.105",-15.50872356,-72.38045091,0.503234680276364,8
"386","29.29.105.239","29.29.105",-15.50814935,-72.37945863,0.812821896746755,8
"387","29.29.105.13","29.29.105",-15.50818613,-72.37982612,0.728837782051414,1
"388","29.29.105.36","29.29.105",-15.50873388,-72.3803698,0.792246078141034,6
"389","29.29.105.61","29.29.105",-15.50891641,-72.38053468,0.999731508782133,4
"390","29.29.105.21","29.29.105",-15.50844637,-72.37987649,0.758983698207885,2
"391","29.29.105.37","29.29.105",-15.50873236,-72.38030685,0.769763674587011,10
"392","29.29.105.237","29.29.105",-15.50830775,-72.37945375,0.141067646909505,4
"393","29.29.105.38","29.29.105",-15.5087098,-72.3802282,0.479408360784873,10
"394","29.29.105.39","29.29.105",-15.50869794,-72.38016387,0.445492709986866,6
"395","29.29.105.58","29.29.105",-15.50891446,-72.38036698,0.993362518725917,6
"396","29.29.105.236","29.29.105",-15.50837535,-72.37943685,0.707513758679852,1
"397","29.29.105.16","29.29.105",-15.50823917,-72.37962247,0.250796298729256,3
"398","29.29.105.59","29.29.105",-15.50899897,-72.38043204,0.807736138813198,3
"399","29.29.105.17","29.29.105",-15.50830594,-72.37962697,0.382949955295771,7
"400","29.29.105.235","29.29.105",-15.50843436,-72.37943607,0.46953467070125,9
"401","29.29.105.57","29.29.105",-15.5089306,-72.38029342,0.290920640109107,8
"402","29.29.105.40","29.29.105",-15.5086978,-72.38005779,0.474141387501732,9
"403","29.29.105.18","29.29.105",-15.50837777,-72.3796231,0.78004771983251,5
"404","29.29.105.41","29.29.105",-15.50869247,-72.37993636,0.651848567184061,7
"405","29.29.105.68","29.29.105",-15.50922366,-72.37995436,0.054197930265218,8
"406","29.29.105.231","29.29.105",-15.50869804,-72.37940858,0.741333031328395,8
"407","29.29.105.54","29.29.105",-15.50894364,-72.38000434,0.391549543943256,10
"408","29.29.105.230","29.29.105",-15.50875892,-72.37940595,0.4361280889716,7
"409","29.29.105.245","29.29.105",-15.50839756,-72.37916263,0.933251746930182,1
"410","29.29.105.44","29.29.105",-15.50867934,-72.37972363,0.959726989269257,4
"411","29.29.105.246","29.29.105",-15.50846677,-72.37914676,0.687053005676717,9
"412","29.29.105.82","29.29.105",-15.5095291,-72.38008078,0.231329875299707,10
"413","29.29.105.52","29.29.105",-15.50888247,-72.3798455,0.20836119633168,6
"414","29.29.105.45","29.29.105",-15.50865646,-72.37961267,0.0547144392039627,3
"415","29.29.105.46","29.29.105",-15.50870597,-72.3796033,0.170637045288458,10
"416","29.29.105.51","29.29.105",-15.50892191,-72.37975943,0.732886981917545,3
"417","29.29.105.79","29.29.105",-15.50945924,-72.37985581,0.338078954257071,2
"418","29.29.105.47","29.29.105",-15.50878343,-72.37959249,0.335859405109659,5
"419","29.29.105.71","29.29.105",-15.50917851,-72.37955174,0.902342826826498,1
"420","29.29.105.50","29.29.105",-15.50891502,-72.37966786,0.847358229802921,5
"421","29.29.105.48","29.29.105",-15.50885846,-72.37958023,0.319487204309553,8
"422","29.29.105.238","29.29.105",-15.50823029,-72.3794562,0.318633949849755,8
"423","29.29.105.72","29.29.105",-15.50923478,-72.37952506,0.631200315896422,9
"424","29.29.105.227","29.29.105",-15.50889843,-72.37912214,0.939435994252563,7
"425","29.29.105.63","29.29.105",-15.50937519,-72.38035316,0.0412110947072506,9
"426","29.29.105.49","29.29.105",-15.50893627,-72.37957852,0.421608520904556,5
"427","29.29.105.240","29.29.105",-15.50813303,-72.37933283,0.814928638050333,1
"428","29.29.105.73","29.29.105",-15.50931741,-72.37953671,0.424297680845484,2
"429","29.29.105.64","29.29.105",-15.5093562,-72.38029014,0.963006813311949,10
"430","29.29.105.86","29.29.105",-15.50943736,-72.38032324,0.580913185141981,10
"431","29.29.105.65","29.29.105",-15.50932561,-72.38020077,0.0855274191126227,5
"432","29.29.105.234","29.29.105",-15.50849075,-72.37943607,0.290985464351252,10
"433","29.29.105.241","29.29.105",-15.50812804,-72.37920134,0.849955705460161,2
"434","29.29.105.66","29.29.105",-15.50930581,-72.38014308,0.832953240023926,1
"435","29.29.105.242","29.29.105",-15.50820225,-72.37920035,0.961578037356958,1
"436","29.29.105.85","29.29.105",-15.50949407,-72.38027386,0.0916587430983782,2
"437","29.29.105.67","29.29.105",-15.50923495,-72.38002601,0.989656863268465,7
"438","29.29.105.233","29.29.105",-15.50856987,-72.37941774,0.305195402354002,4
"439","29.29.105.243","29.29.105",-15.50826422,-72.379187,0.127508334815502,2
"440","29.29.105.232","29.29.105",-15.50863773,-72.37939679,0.0687620099633932,1
"441","29.29.105.84","29.29.105",-15.50955191,-72.38021756,0.822111300425604,2
"442","29.29.105.69","29.29.105",-15.50922025,-72.37988865,0.452476922888309,7
"443","29.29.105.252","29.29.105",-15.50811969,-72.37899149,0.825055227382109,5
"444","29.29.105.89","29.29.105",-15.50975693,-72.37985978,0.432704599108547,1
"445","29.29.105.216","29.29.105",-15.5091563,-72.37936382,0.456871952628717,7
"446","29.29.105.83","29.29.105",-15.50960535,-72.3801419,0.0910123819485307,1
"447","29.29.105.229","29.29.105",-15.50885469,-72.37938355,0.938381573418155,10
"448","29.29.105.247","29.29.105",-15.50854718,-72.37915646,0.35362974437885,4
"449","29.29.105.81","29.29.105",-15.50949631,-72.38000851,0.139712359057739,6
"450","29.29.105.80","29.29.105",-15.50941573,-72.37993504,0.459240694763139,6
"451","29.29.105.91","29.29.105",-15.50987051,-72.37980629,0.295046494109556,3
"452","29.29.105.228","29.29.105",-15.50892169,-72.37936506,0.338577809510753,10
"453","29.29.105.248","29.29.105",-15.50862174,-72.37914822,0.825753505108878,8
"454","29.29.105.249","29.29.105",-15.50867947,-72.3791356,0.866133000236005,3
"455","29.29.105.217","29.29.105",-15.50914283,-72.37910791,0.240022795042023,3
"456","29.29.105.218","29.29.105",-15.50921719,-72.37910644,0.996557338628918,3
"457","29.29.105.78","29.29.105",-15.5094627,-72.37978235,0.743357815314084,4
"458","29.29.105.251","29.29.105",-15.50882015,-72.37912667,0.572917367098853,5
"459","29.29.105.96","29.29.105",-15.5101996,-72.37965691,0.622955819359049,6
"460","29.29.105.105","29.29.105",-15.51057998,-72.37979537,0.129170787287876,6
"461","29.29.105.209","29.29.105",-15.50959145,-72.37933262,0.259829134913161,4
"462","29.29.105.76","29.29.105",-15.50947021,-72.37961413,0.176591290859506,6
"463","29.29.105.74","29.29.105",-15.50938613,-72.37953643,0.0355164294596761,10
"464","29.29.105.207","29.29.105",-15.50971865,-72.37930711,0.478197136661038,4
"465","29.29.105.222","29.29.105",-15.50949879,-72.3790671,0.390237551415339,6
"466","29.29.105.87","29.29.105",-15.50977375,-72.38013481,0.505816478282213,2
"467","29.29.105.206","29.29.105",-15.5098022,-72.37929513,0.386365983868018,6
"468","29.29.105.75","29.29.105",-15.50945889,-72.37952813,0.712431072257459,3
"469","29.29.105.117","29.29.105",-15.5098483,-72.38012683,0.713558178162202,6
"470","29.29.105.223","29.29.105",-15.50956664,-72.3790412,0.0535169241484255,9
"471","29.29.105.205","29.29.105",-15.50987662,-72.37930236,0.0676888253074139,2
"472","29.29.105.101","29.29.105",-15.51052117,-72.37950455,0.440274349180982,9
"473","29.29.105.116","29.29.105",-15.5099237,-72.38010034,0.570963632082567,7
"474","29.29.105.226","29.29.105",-15.50977416,-72.37905335,0.770014943554997,8
"475","29.29.105.115","29.29.105",-15.50997764,-72.38007511,0.00246979668736458,6
"476","29.29.105.202","29.29.105",-15.50952515,-72.3782804,0.385098815662786,10
"477","29.29.105.184","29.29.105",-15.50975237,-72.37818736,0.845847867429256,9
"478","29.29.105.204","29.29.105",-15.50984272,-72.37901434,0.0190513860434294,2
"479","29.29.105.199","29.29.105",-15.50954682,-72.37849972,0.814224606845528,1
"480","29.29.105.114","29.29.105",-15.5100532,-72.38002589,0.58621324505657,6
"481","29.29.105.198","29.29.105",-15.50956363,-72.37857952,0.141242961864918,1
"482","29.29.105.195","29.29.105",-15.50955949,-72.37878765,0.00599545449949801,4
"483","29.29.105.90","29.29.105",-15.50980118,-72.37984388,0.857407284202054,5
"484","29.29.105.113","29.29.105",-15.51010863,-72.37999352,0.493474321439862,6
"485","29.29.105.215","29.29.105",-15.50921464,-72.37937058,0.546057759784162,9
"486","29.29.105.112","29.29.105",-15.51016486,-72.37996254,0.591073301387951,1
"487","29.29.105.214","29.29.105",-15.50924952,-72.37936413,0.999786164611578,7
"488","29.29.105.166","29.29.105",-15.51014726,-72.37945487,0.682974308962002,8
"489","29.29.105.92","29.29.105",-15.50995447,-72.37981287,0.309939510887489,8
"490","29.29.105.180","29.29.105",-15.5099516,-72.37830576,0.193389925407246,7
"491","29.29.105.213","29.29.105",-15.50931074,-72.37936387,0.966782039264217,9
"492","29.29.105.141","29.29.105",-15.51098346,-72.3796232,0.440893734805286,5
"493","29.29.105.110","29.29.105",-15.51030066,-72.37991949,0.489124771440402,9
"494","29.29.105.164","29.29.105",-15.51028924,-72.37941235,0.440079991938546,2
"495","29.29.105.149","29.29.105",-15.51022498,-72.37829135,0.408953083446249,8
"496","29.29.105.168","29.29.105",-15.51004285,-72.37920762,0.379832937382162,7
"497","29.29.105.109","29.29.105",-15.51035995,-72.37990561,0.0603818278759718,6
"498","29.29.105.178","29.29.105",-15.50996808,-72.37848752,0.328418782679364,8
"499","29.29.105.93","29.29.105",-15.5100146,-72.37974659,0.86537362751551,8
"500","29.29.105.169","29.29.105",-15.51004553,-72.37914406,0.902181532001123,2
"501","29.29.105.212","29.29.105",-15.50938185,-72.37934576,0.543490468291566,5
"502","29.29.105.163","29.29.105",-15.51034542,-72.37939536,0.908304499927908,10
"503","29.29.105.170","29.29.105",-15.51003081,-72.37908659,0.138132769614458,9
"504","29.29.105.108","29.29.105",-15.51041521,-72.37988758,0.403488722164184,8
"505","29.29.105.203","29.29.105",-15.5095104,-72.37819533,0.997270879102871,8
"506","29.29.105.185","29.29.105",-15.50974514,-72.3782592,0.221126577118412,10
"507","29.29.105.186","29.29.105",-15.50974695,-72.37833296,0.319468318950385,10
"508","29.29.105.200","29.29.105",-15.50953603,-72.37843781,0.329734800616279,9
"509","29.29.105.187","29.29.105",-15.50978978,-72.37838115,0.324982098070905,8
"510","29.29.105.188","29.29.105",-15.50979099,-72.3784667,0.0409638555720448,5
"511","29.29.105.197","29.29.105",-15.50955859,-72.37865462,0.789375726366416,9
"512","29.29.105.181","29.29.105",-15.50993847,-72.37818133,0.798412619857118,9
"513","29.29.105.189","29.29.105",-15.50980213,-72.3785638,0.910005604382604,5
"514","29.29.105.196","29.29.105",-15.50952551,-72.37874009,0.0604285001754761,9
"515","29.29.105.182","29.29.105",-15.51004596,-72.37816775,0.860642139334232,5
"516","29.29.105.190","29.29.105",-15.50979966,-72.37863299,0.592062718467787,4
"517","29.29.105.183","29.29.105",-15.51013949,-72.3781478,0.348072650609538,4
"518","29.29.105.191","29.29.105",-15.50979842,-72.37870405,0.25470441323705,5
"519","29.29.105.194","29.29.105",-15.50957331,-72.37885616,0.631782990181819,1
"520","29.29.105.192","29.29.105",-15.50982702,-72.37877417,0.0572920120321214,10
"521","29.29.105.179","29.29.105",-15.50996604,-72.37840265,0.644254034850746,3
"522","29.29.105.193A","29.29.105",-15.50977457,-72.37884882,0.497346865013242,2
"523","29.29.105.193","29.29.105",-15.50983205,-72.37884967,0.446984085254371,2
"524","29.29.105.220","29.29.105",-15.5093531,-72.3790717,0.861536061624065,2
"525","29.29.105.221","29.29.105",-15.50942642,-72.37906728,0.139390337280929,10
"526","29.29.105.176","29.29.105",-15.5099744,-72.37863244,0.882311410969123,7
"527","29.29.105.150","29.29.105",-15.5102346,-72.37837883,0.566925880499184,10
"528","29.29.105.224","29.29.105",-15.50963742,-72.37904349,0.516831361688673,2
"529","29.29.105.211","29.29.105",-15.50944307,-72.37932359,0.312156928470358,7
"530","29.29.105.225","29.29.105",-15.50970254,-72.3790756,0.0655762022361159,10
"531","29.29.105.151","29.29.105",-15.51025677,-72.37846459,0.119465097319335,2
"532","29.29.105.210","29.29.105",-15.50951926,-72.37931611,0.158072743099183,3
"533","29.29.105.152","29.29.105",-15.51024963,-72.37853553,0.631122110178694,7
"534","29.29.105.174","29.29.105",-15.51001749,-72.37878348,0.485061585204676,10
"535","29.29.105.208","29.29.105",-15.50964943,-72.37931833,0.381566318683326,2
"536","29.29.105.153","29.29.105",-15.5102461,-72.37861215,0.349695809651166,6
"537","29.29.105.154","29.29.105",-15.5102505,-72.37868327,0.861122589558363,4
"538","29.29.105.155","29.29.105",-15.51024695,-72.37875267,0.019037468591705,4
"539","29.29.105.171","29.29.105",-15.51005021,-72.37900605,0.350579788908362,10
"540","29.29.105.167","29.29.105",-15.51005385,-72.37928545,0.479772766819224,2
"541","29.29.105.158","29.29.105",-15.51029126,-72.37897824,0.370715944329277,5
"542","29.29.105.147","29.29.105",-15.51062503,-72.37848009,0.549038932658732,9
"543","29.29.105.145","29.29.105",-15.51055646,-72.37861623,0.40211404627189,8
"544","29.29.105.144","29.29.105",-15.51057135,-72.37869047,0.0173192946240306,1
"545","29.29.105.143","29.29.105",-15.51064119,-72.37866001,0.158062770497054,2
"546","29.29.105.142","29.29.105",-15.51072149,-72.37867426,0.981268030358478,6
"547","29.29.105.94","29.29.105",-15.51006121,-72.37971353,0.00583219598047435,2
"548","29.29.105.95","29.29.105",-15.51012512,-72.37969467,0.83877017814666,9
"549","29.29.105.97","29.29.105",-15.5102654,-72.37962833,0.999359347159043,5
"550","29.29.105.98","29.29.105",-15.5103601,-72.3796019,0.309564066119492,9
"551","29.29.105.99","29.29.105",-15.51042011,-72.37957544,0.642197078559548,1
"552","29.29.105.100","29.29.105",-15.51046671,-72.37954483,0.806362292729318,4
"553","29.29.105.102","29.29.105",-15.51057113,-72.37959516,0.877835047664121,8
"554","29.29.105.127","29.29.105",-15.51055812,-72.37908307,0.362959455698729,4
"555","29.29.105.107","29.29.105",-15.51046783,-72.37985127,0.824651021044701,9
"556","29.29.105.126","29.29.105",-15.51057022,-72.37916012,0.301745892968029,10
"557","29.29.105.103","29.29.105",-15.51061194,-72.37966543,0.23541392525658,3
"558","29.29.105.124","29.29.105",-15.51065677,-72.37928508,0.376804272644222,5
"559","29.29.105.123","29.29.105",-15.51068251,-72.37934706,0.673311264952645,7
"560","29.29.105.122","29.29.105",-15.5107055,-72.37941888,0.894597970880568,7
"561","29.29.105.134","29.29.105",-15.5108305,-72.37913215,0.420033602509648,1
"562","29.29.105.135","29.29.105",-15.51085974,-72.37919122,0.681696661747992,9
"563","29.29.105.121","29.29.105",-15.51074226,-72.37948681,0.642735560890287,1
"564","29.29.105.136","29.29.105",-15.51088904,-72.37924451,0.0318390389438719,5
"565","29.29.105.120","29.29.105",-15.51078462,-72.37955787,0.507150776218623,3
"566","29.29.105.137","29.29.105",-15.51091845,-72.37931974,0.749541682424024,2
"567","29.29.105.118","29.29.105",-15.51081028,-72.37969295,0.96083382028155,6
"568","29.29.105.139","29.29.105",-15.51097838,-72.37946074,0.81205905159004,3
"569","29.29.105.140","29.29.105",-15.51101665,-72.37951391,0.217800360638648,6
"570","29.29.105.172","29.29.105",-15.5100471,-72.37893461,0.892375336494297,1
"571","29.29.105.173","29.29.105",-15.5100387,-72.3788534,0.889406107366085,5
"572","29.29.105.161","29.29.105",-15.51031662,-72.37920818,0.657428251812235,8
"573","29.29.105.138","29.29.105",-15.5109441,-72.37938716,0.949990887893364,2
"574","29.29.105.160","29.29.105",-15.51031046,-72.37912618,0.943435060558841,1
"575","29.29.105.146","29.29.105",-15.51051523,-72.37851645,0.227995852474123,7
"576","29.29.105.159","29.29.105",-15.51029207,-72.37905573,0.108405607519671,9
"577","29.29.105.157","29.29.105",-15.5102788,-72.37890058,0.476155248237774,2
"578","29.29.105.128","29.29.105",-15.51053255,-72.37901358,0.621726103825495,4
"579","29.29.105.133","29.29.105",-15.51080588,-72.37904705,0.714214777341112,1
"580","29.29.105.129","29.29.105",-15.51050045,-72.37893073,0.900100549217314,2
"581","29.29.105.130","29.29.105",-15.51071539,-72.37883536,0.323673382867128,5
"582","29.29.105.131","29.29.105",-15.51074926,-72.37890519,0.455649178940803,10
"583","29.29.105.132","29.29.105",-15.51077188,-72.37896911,0.357540438883007,1
"584","29.29.105.104","29.29.105",-15.51064523,-72.37976316,0.19515055604279,6
"585","29.29.105.111","29.29.105",-15.51023757,-72.37995635,0.685083159245551,5
"586","29.29.105.148","29.29.105",-15.51020783,-72.37813327,0.187063759425655,1
"587","29.29.105.162","29.29.105",-15.51032642,-72.37927614,0.144341953098774,8
"588","29.29.105.165","29.29.105",-15.51022764,-72.37944232,0.325500417733565,8
"589","29.29.105.175","29.29.105",-15.50999431,-72.37870111,0.0436470918357372,4
"590","29.29.105.177","29.29.105",-15.50996195,-72.37854309,0.0880795053672045,8
"591","29.29.105.219","29.29.105",-15.50928814,-72.37910878,0.645266961539164,7
"592","29.29.105.250","29.29.105",-15.50874807,-72.37913927,0.600778004620224,1
"593","29.29.105.30","29.29.105",-15.50851251,-72.38052786,0.331518204184249,10
"594","29.29.105.43","29.29.105",-15.50868456,-72.3797828,0.89728448796086,3
"595","29.29.105.77","29.29.105",-15.50945808,-72.37971489,0.374051049584523,5
"596","29.29.105.88","29.29.105",-15.50967997,-72.37990401,0.263494928134605,5
"597","29.29.105.20","29.29.105",-15.50842624,-72.37979624,0.270070283673704,1
"598","29.29.105.55","29.29.105",-15.50898379,-72.38011944,0.456572600640357,8
"599","29.29.105.42","29.29.105",-15.5086885,-72.37985732,0.124834016896784,8
"600","29.29.105.70","29.29.105",-15.50918246,-72.37975341,0.821735835401341,6
"601","29.29.105.32","29.29.105",-15.50846134,-72.3807511,0.87964129797183,1
"602","29.29.105.119","29.29.105",-15.51078279,-72.37963478,0.656421052059159,10
"603","29.29.105.53","29.29.105",-15.50893124,-72.37989942,0.336539305979386,8
"604","29.29.105.60","29.29.105",-15.50899891,-72.38050611,0.842667021090165,9
"605","29.29.105.125","29.29.105",-15.51061476,-72.37922458,0.557136681396514,6
"606","29.29.105.156","29.29.105",-15.51027173,-72.37882334,0.758939436404034,8
"607","29.29.105.201","29.29.105",-15.5095318,-72.37834931,0.484875286463648,1
"608","29.29.105.244","29.29.105",-15.50834575,-72.37915985,0.0135481469333172,2
"609","29.29.105.106","29.29.105",-15.51051645,-72.37982052,0.134902784600854,1
